Requirement ID,Requirement,Manual Test IDs,Automation,Manual Status
R01,Email and password are mandatory for login.,TC01;TC02;TC03;TC04,Pending automation phase,NOT RUN
R02,Registration requires a valid and unique email.,TC05;TC06;TC07;TC09,Pending automation phase,NOT RUN
R03,Password must contain at least 8 characters.,TC05;TC08;TC09;TC10,Pending automation phase,NOT RUN
R04,Only authenticated employees can access their timesheets.,TC11;TC12,Pending automation phase,NOT RUN
R05,Employees can select only projects assigned to them.,TC13;TC14,Pending automation phase,NOT RUN
R06,Project selection and working date are mandatory.,TC15;TC16,Pending automation phase,NOT RUN
R07,Working hours must be an integer between 1 and 12 inclusive.,TC17;TC18;TC19;TC20;TC21,Pending automation phase,NOT RUN
R08,Invalid timesheet submissions must not create database records.,TC14;TC15;TC16;TC17;TC20;TC21;TC22,Pending automation phase,NOT RUN
R09,One intentional submission must create exactly one record. Rapid double-clicking must not create unintended duplicates.,TC18;TC19;TC23,Pending automation phase,NOT RUN
R10,Billable amount = working hours × project hourly rate.,TC18;TC19;TC25,Pending automation phase,NOT RUN
R11,Employees must only view their own timesheet records.,TC24,Pending automation phase,NOT RUN
R12,Valid records must persist after a page refresh.,TC25,Pending automation phase,NOT RUN
